model_set_id,r2_mean,r2_std,rmse_mean,mae_mean
xgb3_regressor,0.4200652547673801,0.08350249029974562,0.26305133642331247,0.17756238836146537
combined_best,0.4166472929652588,0.08881484011068107,0.26328508559120845,0.18337789095968415
ridge,0.4008286863656017,0.09406936833856498,0.2665808539686627,0.192852617522593
mlp_regressor,0.4000491040272031,0.0964436532667889,0.2662983649025391,0.1873558507175669
