combo_id,target_family,feature_set_id,model_id,base_bank,hq_exit_override_branch,roc_auc,pr_auc,precision,recall,f0_5,brier,precision_at_01,precision_at_05,precision_at_10,threshold
v25_policies__sentence_prose__ridge__single_target__0001,v25_policies,sentence_prose,ridge,hq_baseline,with_override,0.7331259138666546,0.240200826707874,0.3117505995203837,0.32098765432098764,0.3135552339604438,0.08675450820496483,0.4222222222222222,0.38222222222222224,0.29777777777777775,0.23000000000000004
v25_policies__sentence_prose__ridge__single_target__0001,v25_policies,sentence_prose,ridge,hq_baseline,without_override,0.7311855771115031,0.2780412499989916,0.31845238095238093,0.2641975308641975,0.30588907947398514,0.07464538502584052,0.6,0.37777777777777777,0.27555555555555555,0.23000000000000004
v25_policies__sentence_prose__ridge__single_target__0001,v25_policies,sentence_prose,ridge,llm_engineering,without_override,0.7433153951672472,0.2725778098293094,0.31137724550898205,0.25679012345679014,0.2986789201608271,0.07450137695660072,0.5333333333333333,0.39555555555555555,0.29555555555555557,0.24000000000000005
