model_set_id,r2_mean,r2_std,rmse_mean,mae_mean
ridge,0.4008286863656017,0.09406936833856498,0.2665808539686627,0.192852617522593
