model_set_id,r2_mean,r2_std,rmse_mean,mae_mean
ridge,0.4228714150047312,0.07998668157227906,0.26467925450711594,0.17740234843575095
