model_set_id,branch_id,hq_exit_override_branch,repeat_cv_with_new_seeds,cv_seed_repeat_count,success_lr_nested_cv,success_lr_fixed_c,model_variant,train_cv_f0_5,train_cv_f0_5_std,selected_c_final,selected_c_oof_mean,threshold,roc_auc,pr_auc,precision,recall,f0_5,brier,precision_at_01,precision_at_05,precision_at_10,base_combo_id,success_branch_id
ridge,hq_plus_pred_reasoning,with_override,True,16,False,1.0,single_model,0.303362652319626,0.005843915562766491,1.0,1.0,0.27,0.7234736731033027,0.23559054036680974,0.31741573033707865,0.27901234567901234,0.3089119737561509,0.08731524335260861,0.26666666666666666,0.4,0.29777777777777775,unknown,unknown__with_override
ridge,hq_plus_pred_reasoning,without_override,True,16,False,1.0,single_model,0.3198212661401116,0.007070830703815278,1.0,1.0,0.275,0.7186511705030223,0.2631976624920249,0.33984375,0.21481481481481482,0.30440867739678096,0.0755191912655215,0.5777777777777777,0.3511111111111111,0.2866666666666667,unknown,unknown__with_override
ridge,llm_engineering_plus_pred_reasoning,with_override,True,16,False,1.0,single_model,0.32238048828618165,0.0045559221719362365,1.0,1.0,0.295,0.7349661586698624,0.23979189672960022,0.3442622950819672,0.25925925925925924,0.3230769230769231,0.086911885160771,0.08888888888888889,0.36444444444444446,0.29777777777777775,unknown,unknown__with_override
ridge,llm_engineering_plus_pred_reasoning,without_override,True,16,False,1.0,single_model,0.3463187179853956,0.008174927018805855,1.0,1.0,0.305,0.7317933643859569,0.26103671250499183,0.37438423645320196,0.18765432098765433,0.3122432210353328,0.07538233078408284,0.5333333333333333,0.3511111111111111,0.2822222222222222,unknown,unknown__with_override
ridge,pred_reasoning_only,with_override,True,16,False,1.0,single_model,0.31614155615710254,0.004910574955801403,1.0,1.0,0.27,0.7270227166523462,0.2310727062565191,0.3105590062111801,0.24691358024691357,0.29533372711163614,0.08748590865275599,0.5111111111111111,0.36444444444444446,0.29333333333333333,unknown,unknown__with_override
ridge,pred_reasoning_only,without_override,True,16,False,1.0,single_model,0.3384464623827941,0.006251375407614849,1.0,1.0,0.27,0.7186770979363573,0.24196583115648,0.3031674208144796,0.1654320987654321,0.25989138867339023,0.07625714585039706,0.5333333333333333,0.29777777777777775,0.27555555555555555,unknown,unknown__with_override
